component,compcount,newlabel
3,22052310.2273659,0
1,14701191.7051155,1
13,12909537.68889384,2
0,7976612.0467783,3
26,3990357.550988,4
17,3518057.919678,5
40,2925195.230582,6
5,2207412.9072593,7
2,1958417.747314,8
55,1873630.255872,9
8589934791,148454.1518003,10
34359738470,49341.30344,11
1657857376369,183.39734,12
