{
    "0": {
        "avginertia": 82814.0476054438,
        "center": [
            0.0,
            17.48727845712654,
            18.361170802439908,
            990.9999999999886,
            980.499118623812,
            944.1267039133431,
            983.104278271585,
            971.9003316126817,
            990.0811794022854,
            986.9425507236317
        ],
        "centerpath": {
            "ALCOHOL": 18.361170802439908,
            "COCAINE": 980.499118623812,
            "HALLUCINOGEN": 983.104278271585,
            "HEROIN": 990.0811794022854,
            "INHALANTS": 971.9003316126817,
            "MARIJUANA": 990.9999999999886,
            "METHAMPHETAMINE": 986.9425507236317,
            "PRESCRIPTIONS": 944.1267039133431,
            "TOBACCO": 17.48727845712654,
            "start": 0.0
        },
        "clustfrac": 0.21076,
        "medoid": [
            0,
            17,
            18,
            991,
            991,
            991,
            991,
            991,
            991,
            991
        ],
        "medoidpath": {
            "ALCOHOL": 18.0,
            "TOBACCO": 17.0,
            "start": 0.0
        },
        "size": 52209228.14269582,
        "totalpop": 247716947.40132222
    },
    "1": {
        "avginertia": 253320.34514183522,
        "center": [
            0.0,
            16.278437920276545,
            34.99893242866741,
            19.27983387576282,
            888.170664381922,
            991.000000000001,
            885.5783620518996,
            946.240029933905,
            989.7695526680704,
            977.697287162532
        ],
        "centerpath": {
            "ALCOHOL": 34.99893242866741,
            "COCAINE": 888.170664381922,
            "HALLUCINOGEN": 885.5783620518996,
            "HEROIN": 989.7695526680704,
            "INHALANTS": 946.240029933905,
            "MARIJUANA": 19.27983387576282,
            "METHAMPHETAMINE": 977.697287162532,
            "PRESCRIPTIONS": 991.000000000001,
            "TOBACCO": 16.278437920276545,
            "start": 0.0
        },
        "clustfrac": 0.25213,
        "medoid": [
            0,
            14,
            35,
            17,
            991,
            991,
            991,
            991,
            991,
            991
        ],
        "medoidpath": {
            "ALCOHOL": 35.0,
            "MARIJUANA": 17.0,
            "TOBACCO": 14.0,
            "start": 0.0
        },
        "size": 62456795.18458987,
        "totalpop": 247716947.40132222
    },
    "2": {
        "avginertia": 63183.55204875866,
        "center": [
            0.0,
            991.0000000000027,
            20.21541095828921,
            991.0000000000027,
            987.9665166664898,
            951.3689405141731,
            985.6606225655692,
            972.6361853213971,
            990.9546168585993,
            989.4938450639136
        ],
        "centerpath": {
            "ALCOHOL": 20.21541095828921,
            "COCAINE": 987.9665166664898,
            "HALLUCINOGEN": 985.6606225655692,
            "HEROIN": 990.9546168585993,
            "INHALANTS": 972.6361853213971,
            "MARIJUANA": 991.0000000000027,
            "METHAMPHETAMINE": 989.4938450639136,
            "PRESCRIPTIONS": 951.3689405141731,
            "TOBACCO": 991.0000000000027,
            "start": 0.0
        },
        "clustfrac": 0.17335,
        "medoid": [
            0,
            991,
            20,
            991,
            991,
            991,
            991,
            991,
            991,
            991
        ],
        "medoidpath": {
            "ALCOHOL": 20.0,
            "start": 0.0
        },
        "size": 42940755.336946696,
        "totalpop": 247716947.40132222
    },
    "3": {
        "avginertia": 38609.26625874447,
        "center": [
            0.0,
            991.000000000007,
            991.000000000007,
            991.000000000007,
            990.7721587802135,
            966.3905256371959,
            989.0703530924292,
            977.8738185942819,
            990.483446240968,
            990.407588917734
        ],
        "centerpath": {
            "ALCOHOL": 991.000000000007,
            "COCAINE": 990.7721587802135,
            "HALLUCINOGEN": 989.0703530924292,
            "HEROIN": 990.483446240968,
            "INHALANTS": 977.8738185942819,
            "MARIJUANA": 991.000000000007,
            "METHAMPHETAMINE": 990.407588917734,
            "PRESCRIPTIONS": 966.3905256371959,
            "TOBACCO": 991.000000000007,
            "start": 0.0
        },
        "clustfrac": 0.1074,
        "medoid": [
            0,
            991,
            991,
            991,
            991,
            991,
            991,
            991,
            991,
            991
        ],
        "medoidpath": {
            "start": 0.0
        },
        "size": 26605669.107832693,
        "totalpop": 247716947.40132222
    },
    "4": {
        "avginertia": 816438.1635542519,
        "center": [
            0.0,
            31.763623211835476,
            17.049941687957887,
            18.66199959831464,
            179.9160984787766,
            464.2521647421119,
            106.04573627616102,
            18.293812957031022,
            823.8830952481096,
            600.0436672252888
        ],
        "centerpath": {
            "ALCOHOL": 17.049941687957887,
            "COCAINE": 179.9160984787766,
            "HALLUCINOGEN": 106.04573627616102,
            "HEROIN": 823.8830952481096,
            "INHALANTS": 18.293812957031022,
            "MARIJUANA": 18.66199959831464,
            "METHAMPHETAMINE": 600.0436672252888,
            "PRESCRIPTIONS": 464.2521647421119,
            "TOBACCO": 31.763623211835476,
            "start": 0.0
        },
        "clustfrac": 0.06325,
        "medoid": [
            0.0,
            12.0,
            14.0,
            17.0,
            32.0,
            61.0,
            17.0,
            34.0,
            991.0,
            991.0
        ],
        "medoidpath": {
            "ALCOHOL": 14.0,
            "COCAINE": 32.0,
            "HALLUCINOGEN": 17.0,
            "INHALANTS": 34.0,
            "MARIJUANA": 17.0,
            "PRESCRIPTIONS": 61.0,
            "TOBACCO": 12.0,
            "start": 0.0
        },
        "size": 15668847.0296431,
        "totalpop": 247716947.40132222
    },
    "5": {
        "avginertia": 273065.4170045163,
        "center": [
            0.0,
            990.9999999999994,
            17.56649298343534,
            20.322087423800774,
            926.2388151567911,
            899.5718706896844,
            901.0017905318881,
            948.0030706707494,
            989.0765054224762,
            976.0187253431958
        ],
        "centerpath": {
            "ALCOHOL": 17.56649298343534,
            "COCAINE": 926.2388151567911,
            "HALLUCINOGEN": 901.0017905318881,
            "HEROIN": 989.0765054224762,
            "INHALANTS": 948.0030706707494,
            "MARIJUANA": 20.322087423800774,
            "METHAMPHETAMINE": 976.0187253431958,
            "PRESCRIPTIONS": 899.5718706896844,
            "TOBACCO": 990.9999999999994,
            "start": 0.0
        },
        "clustfrac": 0.04752,
        "medoid": [
            0,
            991,
            18,
            20,
            991,
            991,
            991,
            991,
            991,
            991
        ],
        "medoidpath": {
            "ALCOHOL": 18.0,
            "MARIJUANA": 20.0,
            "start": 0.0
        },
        "size": 11771527.08404931,
        "totalpop": 247716947.40132222
    },