{
    "0": {
        "avginertia": 0.004333088441050657,
        "center": [
            0.0,
            20.356317772703886,
            20.775864852514314,
            706.8398974113152,
            850.1407974248623,
            908.4930025727934,
            835.9321180615684,
            949.2938753024031,
            984.3331170035162,
            964.7918874228146
        ],
        "centerpath": {
            "ALCOHOL": 20.775864852514314,
            "COCAINE": 850.1407974248623,
            "HALLUCINOGEN": 835.9321180615684,
            "HEROIN": 984.3331170035162,
            "INHALANTS": 949.2938753024031,
            "MARIJUANA": 706.8398974113152,
            "METHAMPHETAMINE": 964.7918874228146,
            "PRESCRIPTIONS": 908.4930025727934,
            "TOBACCO": 20.356317772703886,
            "start": 0.0
        },
        "clustfrac": 0.29676,
        "medoid": [
            0,
            20,
            21,
            991,
            991,
            991,
            991,
            991,
            991,
            991
        ],
        "medoidpath": {
            "ALCOHOL": 21.0,
            "TOBACCO": 20.0,
            "start": 0.0
        },
        "size": 22052310.2273659,
        "totalpop": 74310702.13242716
    },
    "1": {
        "avginertia": 0.002182563880960138,
        "center": [
            0.0,
            16.238233053523604,
            36.34497839137807,
            19.667637948956106,
            990.9999999999935,
            990.9999999999935,
            990.9999999999935,
            934.3043958843803,
            989.9995093564677,
            974.8421399692488
        ],
        "centerpath": {
            "ALCOHOL": 36.34497839137807,
            "COCAINE": 990.9999999999935,
            "HALLUCINOGEN": 990.9999999999935,
            "HEROIN": 989.9995093564677,
            "INHALANTS": 934.3043958843803,
            "MARIJUANA": 19.667637948956106,
            "METHAMPHETAMINE": 974.8421399692488,
            "PRESCRIPTIONS": 990.9999999999935,
            "TOBACCO": 16.238233053523604,
            "start": 0.0
        },
        "clustfrac": 0.19783,
        "medoid": [
            0,
            14,
            35,
            17,
            991,
            991,
            991,
            991,
            991,
            991
        ],
        "medoidpath": {
            "ALCOHOL": 35.0,
            "MARIJUANA": 17.0,
            "TOBACCO": 14.0,
            "start": 0.0
        },
        "size": 14701191.7051155,
        "totalpop": 74310702.13242716
    },
    "2": {
        "avginertia": 0.002024454884414268,
        "center": [
            0.0,
            991.0000000000005,
            20.179299007364815,
            991.0000000000005,
            988.1987198540426,
            949.1619610635954,
            986.6250894740758,
            971.3944336665561,
            990.9422998504715,
            989.0228045842297
        ],
        "centerpath": {
            "ALCOHOL": 20.179299007364815,
            "COCAINE": 988.1987198540426,
            "HALLUCINOGEN": 986.6250894740758,
            "HEROIN": 990.9422998504715,
            "INHALANTS": 971.3944336665561,
            "MARIJUANA": 991.0000000000005,
            "METHAMPHETAMINE": 989.0228045842297,
            "PRESCRIPTIONS": 949.1619610635954,
            "TOBACCO": 991.0000000000005,
            "start": 0.0
        },
        "clustfrac": 0.17372,
        "medoid": [
            0,
            991,
            20,
            991,
            991,
            991,
            991,
            991,
            991,
            991
        ],
        "medoidpath": {
            "ALCOHOL": 20.0,
            "start": 0.0
        },
        "size": 12909537.68889384,
        "totalpop": 74310702.13242716
    },
    "3": {
        "avginertia": 0.0020856576072742694,
        "center": [
            0.0,
            991.0000000000028,
            991.0000000000028,
            991.0000000000028,
            990.856368729096,
            962.0207407677216,
            989.8242844421403,
            979.8625350082154,
            990.6595003186966,
            990.6799401768137
        ],
        "centerpath": {
            "ALCOHOL": 991.0000000000028,
            "COCAINE": 990.856368729096,
            "HALLUCINOGEN": 989.8242844421403,
            "HEROIN": 990.6595003186966,
            "INHALANTS": 979.8625350082154,
            "MARIJUANA": 991.0000000000028,
            "METHAMPHETAMINE": 990.6799401768137,
            "PRESCRIPTIONS": 962.0207407677216,
            "TOBACCO": 991.0000000000028,
            "start": 0.0
        },
        "clustfrac": 0.10734,
        "medoid": [
            0,
            991,
            991,
            991,
            991,
            991,
            991,
            991,
            991,
            991
        ],
        "medoidpath": {
            "start": 0.0
        },
        "size": 7976612.046778301,
        "totalpop": 74310702.13242716
    },
    "4": {
        "avginertia": 0.011653467799329343,
        "center": [
            0.0,
            38.64865868815454,
            17.5572518716959,
            17.688432485497945,
            110.74404457003266,
            386.1061620567109,
            55.7535345389161,
            18.305863745972246,
            811.5018564770303,
            571.8438186489465
        ],
        "centerpath": {
            "ALCOHOL": 17.5572518716959,
            "COCAINE": 110.74404457003266,
            "HALLUCINOGEN": 55.7535345389161,
            "HEROIN": 811.5018564770303,
            "INHALANTS": 18.305863745972246,
            "MARIJUANA": 17.688432485497945,
            "METHAMPHETAMINE": 571.8438186489465,
            "PRESCRIPTIONS": 386.1061620567109,
            "TOBACCO": 38.64865868815454,
            "start": 0.0
        },
        "clustfrac": 0.0537,
        "medoid": [
            0,
            12,
            16,
            21,
            34,
            60,
            16,
            14,
            991,
            991
        ],
        "medoidpath": {
            "ALCOHOL": 16.0,
            "COCAINE": 34.0,
            "HALLUCINOGEN": 16.0,
            "INHALANTS": 14.0,
            "MARIJUANA": 21.0,
            "PRESCRIPTIONS": 60.0,
            "TOBACCO": 12.0,
            "start": 0.0
        },
        "size": 3990357.550988,
        "totalpop": 74310702.13242716
    },
    "5": {
        "avginertia": 0.007459181891620333,
        "center": [
            0.0,
            991.0000000000025,
            25.036492423374316,
            20.5402436985134,
            918.9225558419007,
            910.18703604127,
            921.7813693462863,
            939.5510383605122,
            990.3195101018973,
            984.1968616141016
        ],
        "centerpath": {
            "ALCOHOL": 25.036492423374316,
            "COCAINE": 918.9225558419007,
            "HALLUCINOGEN": 921.7813693462863,
            "HEROIN": 990.3195101018973,
            "INHALANTS": 939.5510383605122,
            "MARIJUANA": 20.5402436985134,
            "METHAMPHETAMINE": 984.1968616141016,
            "PRESCRIPTIONS": 910.18703604127,
            "TOBACCO": 991.0000000000025,
            "start": 0.0
        },
        "clustfrac": 0.04734,
        "medoid": [
            0,
            991,
            25,
            19,
            991,
            991,
            991,
            991,
            991,
            991
        ],
        "medoidpath": {
            "ALCOHOL": 25.0,
            "MARIJUANA": 19.0,
            "start": 0.0
        },
        "size": 3518057.919678,
        "totalpop": 74310702.13242716
    },